,precision,recall,f1-score,support
Fractured,0.7959183673469388,0.7155963302752294,0.7536231884057971,109.0
Non_fractured,0.9389763779527559,0.959758551307847,0.9492537313432836,497.0
accuracy,0.9158415841584159,0.9158415841584159,0.9158415841584159,0.9158415841584159
macro avg,0.8674473726498473,0.8376774407915382,0.8514384598745404,606.0
weighted avg,0.9132448215896635,0.9158415841584159,0.9140660594287853,606.0
