Metric,Value
accuracy,0.9158415841584159
precision,0.9132448215896635
recall,0.9158415841584159
f1_score,0.9140660594287853
roc_auc,0.918086500655308
average_precision,0.9744782858455757
